Feature,Importance
login_count,0.11674486420033521
session_duration_minutes,0.2949011372633665
monthly_price,0.022936139946094274
amount,0.03240207932755322
country,0.36435154713591733
industry,0.06615004039240835
plan_name,0.020468711283719153
feature_used,0.08204548045060606
